<?xml version="1.0" encoding="UTF-8"?>
<jcr:root xmlns:sling="http://sling.apache.org/jcr/sling/1.0" xmlns:granite="http://www.adobe.com/jcr/granite/1.0" xmlns:cq="http://www.day.com/jcr/cq/1.0" xmlns:jcr="http://www.jcp.org/jcr/1.0" xmlns:nt="http://www.jcp.org/jcr/nt/1.0"
    jcr:primaryType="nt:unstructured"
    jcr:title="BTA Shop The Look Container"
    sling:resourceType="cq/gui/components/authoring/dialog"
    helpPath="https://brownthomas.atlassian.net/wiki/spaces/BCTB/pages/3569418245/BTA+Shop+The+Look+Container">
    <content
        jcr:primaryType="nt:unstructured"
        sling:resourceType="granite/ui/components/coral/foundation/container">
        <layout
            jcr:primaryType="nt:unstructured"
            sling:resourceType="granite/ui/components/coral/foundation/tabs"/>
        <items jcr:primaryType="nt:unstructured">
            <tabs
                jcr:primaryType="nt:unstructured"
                sling:resourceType="granite/ui/components/coral/foundation/tabs"
                maximized="{Boolean}true">
                <items jcr:primaryType="nt:unstructured">
                    <shopLookContainer
                        jcr:primaryType="nt:unstructured"
                        jcr:title="Shop The Look Container"
                        sling:resourceType="granite/ui/components/coral/foundation/container"
                        margin="{Boolean}true">
                        <layout
                            jcr:primaryType="nt:unstructured"
                            sling:resourceType="granite/ui/components/coral/foundation/fixedcolumns"/>
                        <items jcr:primaryType="nt:unstructured">
                            <isComponentDisabled
                                jcr:primaryType="nt:unstructured"
                                sling:resourceType="granite/ui/components/coral/foundation/form/checkbox"
                                fieldDescription="Checking this option will disable/hide the component."
                                fieldLabel="Do you want to disable the component?"
                                name="./isComponentDisabled"
                                text="Do you want to disable the component?"
                                uncheckedValue="{Boolean}false"
                                value="{Boolean}true"/>
                            <columns
                                jcr:primaryType="nt:unstructured"
                                sling:resourceType="granite/ui/components/coral/foundation/form/multifield"
                                fieldLabel="Product Ids">
                                <field
                                    jcr:primaryType="nt:unstructured"
                                    sling:resourceType="granite/ui/components/coral/foundation/container"
                                    name="./productIds">
                                    <items jcr:primaryType="nt:unstructured">
                                        <columns
                                            jcr:primaryType="nt:unstructured"
                                            sling:resourceType="granite/ui/components/coral/foundation/container">
                                            <items jcr:primaryType="nt:unstructured">
                                                <productId
                                                    jcr:primaryType="nt:unstructured"
                                                    sling:resourceType="granite/ui/components/coral/foundation/form/textfield"
                                                    fieldLabel="Product Id"
                                                    name="./productId"/>
                                            </items>
                                        </columns>
                                    </items>
                                </field>
                                <granite:data
                                    jcr:primaryType="nt:unstructured"
                                    max-items="10"
                                    min-items="1"/>
                            </columns>
                        </items>
                    </shopLookContainer>
                </items>
            </tabs>
        </items>
    </content>
</jcr:root>
