<?xml version="1.0" encoding="UTF-8"?>
<jcr:root xmlns:sling="http://sling.apache.org/jcr/sling/1.0" xmlns:granite="http://www.adobe.com/jcr/granite/1.0" xmlns:cq="http://www.day.com/jcr/cq/1.0" xmlns:jcr="http://www.jcp.org/jcr/1.0" xmlns:nt="http://www.jcp.org/jcr/nt/1.0"
    jcr:primaryType="nt:unstructured"
    jcr:title="Page"
    sling:resourceType="cq/gui/components/authoring/dialog"
    extraClientlibs="[cq.common.wcm,core.wcm.components.page.v2.editor,cq.wcm.msm.properties,granite.contexthub.configuration,cq.siteadmin.admin.properties]"
    helpPath="https://www.adobe.com/go/aem_cmp_page_v2"
    mode="edit"
    trackingFeature="core-components:page:v2">
    <content
        granite:class="cq-dialog-content-page"
        jcr:primaryType="nt:unstructured"
        sling:resourceType="granite/ui/components/coral/foundation/container">
        <items jcr:primaryType="nt:unstructured">
            <tabs
                granite:class="cq-siteadmin-admin-properties-tabs"
                jcr:primaryType="nt:unstructured"
                sling:resourceType="granite/ui/components/coral/foundation/tabs"
                size="L">
                <items jcr:primaryType="nt:unstructured">
                    <basic
                        jcr:primaryType="nt:unstructured"
                        jcr:title="Basic"
                        sling:resourceType="granite/ui/components/coral/foundation/fixedcolumns">
                        <items jcr:primaryType="nt:unstructured">
                            <column
                                jcr:primaryType="nt:unstructured"
                                sling:resourceType="granite/ui/components/coral/foundation/container">
                                <items jcr:primaryType="nt:unstructured">
                                    <siteSelection
                                        jcr:primaryType="nt:unstructured"
                                        jcr:title="Site Selection"
                                        sling:resourceType="granite/ui/components/coral/foundation/form/fieldset">
                                        <items jcr:primaryType="nt:unstructured">
                                            <componentAuthoring
                                                granite:class="readonlySelector"
                                                jcr:primaryType="nt:unstructured"
                                                sling:resourceType="granite/ui/components/coral/foundation/form/textarea"
                                                fieldLabel="Page properties authoring instruction"
                                                value="The default page properties is set for BrownThomas website. If the page is being used for Arnott's website, please check the blow checkbox. "/>
                                            <isArnotts
                                                jcr:primaryType="nt:unstructured"
                                                sling:resourceType="granite/ui/components/coral/foundation/form/checkbox"
                                                fieldDescription="Enable the page for Arnott's website."
                                                fieldLabel="Enable the page for Arnott's website."
                                                name="./isArnottsEnabled"
                                                text="Enable the page for Arnott's website."
                                                uncheckedValue="{Boolean}false"
                                                value="{Boolean}true"/>
                                            <isPlaceholderPage
                                                jcr:primaryType="nt:unstructured"
                                                sling:resourceType="granite/ui/components/coral/foundation/form/checkbox"
                                                fieldDescription="Placeholder Page"
                                                fieldLabel="Placeholder Page"
                                                name="./isPlaceholderPage"
                                                text="Placeholder Page"
                                                uncheckedValue="{Boolean}false"
                                                value="{Boolean}true"/>
                                        </items>
                                    </siteSelection>
                                </items>
                            </column>
                        </items>
                    </basic>
                </items>
            </tabs>
        </items>
    </content>
</jcr:root>
