<?xml version="1.0" encoding="UTF-8"?>
<jcr:root xmlns:sling="http://sling.apache.org/jcr/sling/1.0" xmlns:granite="http://www.adobe.com/jcr/granite/1.0" xmlns:cq="http://www.day.com/jcr/cq/1.0" xmlns:jcr="http://www.jcp.org/jcr/1.0" xmlns:nt="http://www.jcp.org/jcr/nt/1.0"
    jcr:primaryType="nt:unstructured"
    jcr:title="BTA Carousel"
    sling:resourceType="cq/gui/components/authoring/dialog"
    helpPath="https://brownthomas.atlassian.net/wiki/spaces/BCTB/pages/3525869569/BTA+Carousel+Component"
    trackingFeature="core-components:carousel:v1">
    <content
        granite:class="cmp-carousel__editor"
        jcr:primaryType="nt:unstructured">
        <items jcr:primaryType="nt:unstructured">
            <tabs jcr:primaryType="nt:unstructured">
                <items jcr:primaryType="nt:unstructured">
                    <properties
                        jcr:primaryType="nt:unstructured"
                        jcr:title="Properties"
                        sling:orderBefore="cq:styles"
                        sling:resourceType="granite/ui/components/coral/foundation/container"
                        margin="{Boolean}true">
                        <items jcr:primaryType="nt:unstructured">
                            <columns
                                jcr:primaryType="nt:unstructured"
                                sling:resourceType="granite/ui/components/coral/foundation/fixedcolumns"
                                margin="{Boolean}true">
                                <items jcr:primaryType="nt:unstructured">
                                    <column
                                        jcr:primaryType="nt:unstructured"
                                        sling:resourceType="granite/ui/components/coral/foundation/container">
                                        <items jcr:primaryType="nt:unstructured">
                                            <disableComponent
                                                jcr:primaryType="nt:unstructured"
                                                sling:resourceType="granite/ui/components/coral/foundation/form/checkbox"
                                                fieldDescription="If checked, component will be disabled."
                                                name="./disableComponent"
                                                text="Disable Component"
                                                uncheckedValue="false"
                                                value="true"/>
                                            <heading
                                                jcr:primaryType="nt:unstructured"
                                                sling:resourceType="granite/ui/components/coral/foundation/form/textfield"
                                                fieldDescription="Heading to be displayed above the carousel"
                                                fieldLabel="Heading"
                                                name="./heading"/>
                                            <headingAlignment
                                                jcr:primaryType="nt:unstructured"
                                                sling:resourceType="granite/ui/components/coral/foundation/form/select"
                                                fieldDescription="Select the alignment of heading"
                                                fieldLabel="Heading Alignment"
                                                name="./headingAlignment"
                                                type="editable">
                                                <items jcr:primaryType="nt:unstructured">
                                                    <left
                                                        jcr:primaryType="nt:unstructured"
                                                        text="Left"
                                                        value="left"/>
                                                    <centre
                                                        jcr:primaryType="nt:unstructured"
                                                        text="Centre"
                                                        value="centre"/>
                                                    <right
                                                        jcr:primaryType="nt:unstructured"
                                                        text="Right"
                                                        value="right"/>
                                                </items>
                                            </headingAlignment>
                                            <cardsPerView
                                                jcr:primaryType="nt:unstructured"
                                                sling:resourceType="granite/ui/components/coral/foundation/form/numberfield"
                                                fieldDescription="No of cards to be shown in a view"
                                                fieldLabel="Cards Per View (Desktop)"
                                                max="{Long}6"
                                                min="{Long}2"
                                                name="./cardsPerView"/>
                                            <link
                                                jcr:primaryType="nt:unstructured"
                                                sling:resourceType="granite/ui/components/coral/foundation/form/pathbrowser"
                                                fieldLabel="Link"
                                                name="./link"
                                                rootPath="/content"/>
                                            <linkText
                                                jcr:primaryType="nt:unstructured"
                                                sling:resourceType="granite/ui/components/coral/foundation/form/textfield"
                                                fieldLabel="Link Text"
                                                maxlength="{Long}120"
                                                name="./linkText"/>
                                            <linkTextColor
                                                jcr:primaryType="nt:unstructured"
                                                sling:resourceType="granite/ui/components/coral/foundation/form/textfield"
                                                fieldLabel="Redirection Text Color Hex Value "
                                                name="./linkTextColor"
                                                value="#8A8A8A"/>
                                        </items>
                                    </column>
                                </items>
                            </columns>
                        </items>
                    </properties>
                    <scrollBarProperties
                        jcr:primaryType="nt:unstructured"
                        jcr:title="Scroll Bar Properties"
                        sling:orderBefore="cq:styles"
                        sling:resourceType="granite/ui/components/coral/foundation/container"
                        margin="{Boolean}true">
                        <items jcr:primaryType="nt:unstructured">
                            <columns
                                jcr:primaryType="nt:unstructured"
                                sling:resourceType="granite/ui/components/coral/foundation/fixedcolumns"
                                margin="{Boolean}true">
                                <items jcr:primaryType="nt:unstructured">
                                    <column
                                        jcr:primaryType="nt:unstructured"
                                        sling:resourceType="granite/ui/components/coral/foundation/container">
                                        <items jcr:primaryType="nt:unstructured">
                                            <disableScrollBar
                                                jcr:primaryType="nt:unstructured"
                                                sling:resourceType="granite/ui/components/coral/foundation/form/checkbox"
                                                fieldDescription="If checked, scroll bar will be disabled."
                                                name="./disableScrollBar"
                                                text="Disable Scroll Bar"
                                                uncheckedValue="false"
                                                value="true"/>
                                            <scrollBarColor
                                                jcr:primaryType="nt:unstructured"
                                                sling:resourceType="granite/ui/components/coral/foundation/form/textfield"
                                                fieldDescription="Color of scroll bar below the cards"
                                                fieldLabel="Scroll Bar Color Hex Value "
                                                name="./scrollBarColor"/>
                                        </items>
                                    </column>
                                </items>
                            </columns>
                        </items>
                    </scrollBarProperties>
                </items>
            </tabs>
        </items>
    </content>
</jcr:root>
