<?xml version="1.0" encoding="UTF-8"?>
<scr:component xmlns:scr="http://www.osgi.org/xmlns/scr/v1.1.0" name="com.adobe.granite.maintenance.crx.impl.LuceneBinariesCleanupTask" configuration-policy="require">
    <property name="granite.maintenance.name" value="LuceneBinariesCleanupTask"/>
    <property name="granite.maintenance.title" value="Lucene Binaries Cleanup"/>
    <property name="granite.maintenance.isStoppable" type="Boolean" value="true"/>
    <property name="granite.maintenance.mandatory" type="Boolean" value="true"/>
    <property name="granite.maintenance.isConservative" type="Boolean" value="true"/>
    <property name="granite.maintenance.supportsThrottling" type="Boolean" value="false"/>
    <property name="job.topics"/>
    <property name="service.description" value="This is the lucene binaries cleanup task"/>
    <property name="service.vendor" value="Adobe Systems Incorporated"/>
    <service servicefactory="false">
        <provide interface="org.apache.sling.event.jobs.consumer.JobExecutor"/>
    </service>
    <reference name="mbean" interface="org.apache.jackrabbit.oak.plugins.index.lucene.ActiveDeletedBlobCollectorMBean" cardinality="1..1" policy="static" bind="bindMbean" unbind="unbindMbean"/>
    <implementation class="com.adobe.granite.maintenance.crx.impl.LuceneBinariesCleanupTask"/>
</scr:component>
