<?xml version="1.0" encoding="UTF-8"?>
<scr:component xmlns:scr="http://www.osgi.org/xmlns/scr/v1.1.0" name="com.adobe.granite.repository.hc.impl.AuthorizableNodeNameHealthCheck" activate="activate">
    <property name="hc.name" value="Authorizable Node Name Generation"/>
    <property name="hc.tags">
        security
        production
    </property>
    <property name="hc.mbean.name" value="authorizableNodeName"/>
    <property name="service.vendor" value="Adobe Systems Incorporated"/>
    <service servicefactory="false">
        <provide interface="org.apache.sling.hc.api.HealthCheck"/>
    </service>
    <reference name="userConfiguration" interface="org.apache.jackrabbit.oak.spi.security.user.UserConfiguration" cardinality="1..1" policy="static" bind="bindUserConfiguration" unbind="unbindUserConfiguration"/>
    <implementation class="com.adobe.granite.repository.hc.impl.AuthorizableNodeNameHealthCheck"/>
</scr:component>
