<?xml version="1.0" encoding="UTF-8"?>
<scr:component xmlns:scr="http://www.osgi.org/xmlns/scr/v1.0.0" name="com.adobe.granite.repository.hc.impl.ContinuousRGCHealthCheck">
    <property name="hc.name" value="Continuous Revision GC"/>
    <property name="hc.tags">
        system
    </property>
    <property name="hc.mbean.name" value="continuousRevisionGC"/>
    <property name="service.vendor" value="Adobe Systems Incorporated"/>
    <service servicefactory="false">
        <provide interface="org.apache.sling.hc.api.HealthCheck"/>
    </service>
    <reference name="gcJob" interface="java.lang.Runnable" cardinality="0..n" policy="dynamic" target="(&amp;(scheduler.expression=\*/5 *)(scheduler.name=*RevisionGCJob))" bind="bindRunnable" unbind="unbindRunnable"/>
    <implementation class="com.adobe.granite.repository.hc.impl.ContinuousRGCHealthCheck"/>
</scr:component>
