<?xml version="1.0" encoding="UTF-8"?>
<jcr:root xmlns:sling="http://sling.apache.org/jcr/sling/1.0" xmlns:granite="http://www.adobe.com/jcr/granite/1.0" xmlns:cq="http://www.day.com/jcr/cq/1.0" xmlns:jcr="http://www.jcp.org/jcr/1.0" xmlns:nt="http://www.jcp.org/jcr/nt/1.0"
    jcr:primaryType="nt:unstructured"
    jcr:title="Hero Navigation Header"
    sling:resourceType="cq/gui/components/authoring/dialog">
    <content
        jcr:primaryType="nt:unstructured"
        sling:resourceType="granite/ui/components/coral/foundation/container">
        <items jcr:primaryType="nt:unstructured">
            <tabs
                jcr:primaryType="nt:unstructured"
                sling:resourceType="granite/ui/components/coral/foundation/tabs"
                maximized="{Boolean}true">
                <items jcr:primaryType="nt:unstructured">
                    <general
                        jcr:primaryType="nt:unstructured"
                        jcr:title="General Configuration"
                        sling:resourceType="granite/ui/components/coral/foundation/container"
                        margin="{Boolean}true">
                        <items jcr:primaryType="nt:unstructured">
                            <columns
                                jcr:primaryType="nt:unstructured"
                                sling:resourceType="granite/ui/components/coral/foundation/fixedcolumns"
                                margin="{Boolean}true">
                                <items jcr:primaryType="nt:unstructured">
                                    <column
                                        jcr:primaryType="nt:unstructured"
                                        sling:resourceType="granite/ui/components/coral/foundation/container">
                                        <items jcr:primaryType="nt:unstructured">
                                            <isComponentDisabled
                                                jcr:primaryType="nt:unstructured"
                                                sling:resourceType="granite/ui/components/coral/foundation/form/checkbox"
                                                fieldDescription="Checking this option will disable/hide the component."
                                                fieldLabel="Do you want to disable the component?"
                                                name="./isComponentDisabled"
                                                text="Do you want to disable the component?"
                                                uncheckedValue="{Boolean}false"
                                                value="{Boolean}true"/>
                                            <bgColor
                                                jcr:primaryType="nt:unstructured"
                                                sling:resourceType="granite/ui/components/coral/foundation/form/textfield"
                                                fieldLabel="Background Color"
                                                maxlength="{Long}7"
                                                name="./bgColor"/>
                                            <isCardClickable
                                                granite:class="cq-dialog-checkbox-showhide"
                                                jcr:primaryType="nt:unstructured"
                                                sling:resourceType="granite/ui/components/coral/foundation/form/checkbox"
                                                fieldDescription="Select to make whole card clickable"
                                                name="./isCardClickable"
                                                text="Check to make whole card clickable"
                                                uncheckedValue="{Boolean}false"
                                                value="{Boolean}true">
                                                <granite:data
                                                    jcr:primaryType="nt:unstructured"
                                                    cq-dialog-checkbox-showhide-target=".toggleField"/>
                                            </isCardClickable>
                                            <toggle
                                                granite:class="toggleField"
                                                jcr:primaryType="nt:unstructured"
                                                sling:resourceType="granite/ui/components/coral/foundation/container">
                                                <items jcr:primaryType="nt:unstructured">
                                                    <cardURL
                                                        jcr:primaryType="nt:unstructured"
                                                        sling:resourceType="granite/ui/components/coral/foundation/form/pathfield"
                                                        fieldDescription="Provide an internal or external URL for card"
                                                        fieldLabel="Card URL"
                                                        name="./cardURL"
                                                        rootPath="/content"/>
                                                </items>
                                            </toggle>
                                        </items>
                                    </column>
                                </items>
                            </columns>
                        </items>
                    </general>
                    <media
                        jcr:primaryType="nt:unstructured"
                        jcr:title="Media Configuration"
                        sling:resourceType="granite/ui/components/coral/foundation/container"
                        margin="{Boolean}true">
                        <items jcr:primaryType="nt:unstructured">
                            <columns
                                jcr:primaryType="nt:unstructured"
                                sling:resourceType="granite/ui/components/coral/foundation/fixedcolumns"
                                margin="{Boolean}true">
                                <items jcr:primaryType="nt:unstructured">
                                    <column
                                        jcr:primaryType="nt:unstructured"
                                        sling:resourceType="granite/ui/components/coral/foundation/container">
                                        <items jcr:primaryType="nt:unstructured">
                                            <isVideo
                                                jcr:primaryType="nt:unstructured"
                                                sling:resourceType="granite/ui/components/coral/foundation/form/checkbox"
                                                fieldDescription="Select for video as media"
                                                name="./isVideo"
                                                text="Enable for video"
                                                uncheckedValue="{Boolean}false"
                                                value="{Boolean}true"/>
                                            <mediaWidth
                                                granite:class="cq-dialog-dropdown-showhide"
                                                jcr:primaryType="nt:unstructured"
                                                sling:resourceType="granite/ui/components/coral/foundation/form/select"
                                                fieldDescription="Select width for media"
                                                fieldLabel="Media Width"
                                                name="./mediaWidth"
                                                type="editable">
                                                <granite:data
                                                    jcr:primaryType="nt:unstructured"
                                                    cq-dialog-dropdown-showhide-target=".showhidetargets"/>
                                                <items jcr:primaryType="nt:unstructured">
                                                    <full
                                                        jcr:primaryType="nt:unstructured"
                                                        text="Full Width"
                                                        value="full"/>
                                                    <half
                                                        jcr:primaryType="nt:unstructured"
                                                        text="50-50 Split"
                                                        value="split"/>
                                                </items>
                                            </mediaWidth>
                                            <containerFull
                                                granite:class="showhidetargets"
                                                jcr:primaryType="nt:unstructured"
                                                sling:resourceType="granite/ui/components/coral/foundation/container">
                                                <items jcr:primaryType="nt:unstructured">
                                                    <enablePadding
                                                        jcr:primaryType="nt:unstructured"
                                                        sling:resourceType="granite/ui/components/coral/foundation/form/checkbox"
                                                        fieldDescription="If selected padding will be adding around media"
                                                        name="./enablePadding"
                                                        text="Enable to allow padding"
                                                        uncheckedValue="{Boolean}false"
                                                        value="{Boolean}true"/>
                                                    <enableTextOverlay
                                                        jcr:primaryType="nt:unstructured"
                                                        sling:resourceType="granite/ui/components/coral/foundation/form/checkbox"
                                                        fieldDescription="Text Configuration for overlay can be found on next tab"
                                                        name="./textOverlay"
                                                        text="Enable to display texts as an overlay on media"
                                                        uncheckedValue="{Boolean}false"
                                                        value="{Boolean}true"/>
                                                </items>
                                                <granite:data
                                                    jcr:primaryType="nt:unstructured"
                                                    showhidetargetvalue="full"/>
                                            </containerFull>
                                            <containerSplit
                                                granite:class="showhidetargets"
                                                jcr:primaryType="nt:unstructured"
                                                sling:resourceType="granite/ui/components/coral/foundation/container">
                                                <items jcr:primaryType="nt:unstructured">
                                                    <mediaAlignment
                                                        jcr:primaryType="nt:unstructured"
                                                        sling:resourceType="granite/ui/components/coral/foundation/form/select"
                                                        fieldLabel="Media Alignment"
                                                        name="./mediaAlignment">
                                                        <items jcr:primaryType="nt:unstructured">
                                                            <left
                                                                jcr:primaryType="nt:unstructured"
                                                                text="Left"
                                                                value="left"/>
                                                            <right
                                                                jcr:primaryType="nt:unstructured"
                                                                text="Right"
                                                                value="right"/>
                                                        </items>
                                                    </mediaAlignment>
                                                </items>
                                                <granite:data
                                                    jcr:primaryType="nt:unstructured"
                                                    showhidetargetvalue="split"/>
                                            </containerSplit>
                                            <media
                                                jcr:primaryType="nt:unstructured"
                                                sling:resourceType="granite/ui/components/coral/foundation/form/pathbrowser"
                                                fieldDescription="Select an image or video for Hero component"
                                                fieldLabel="Media for Hero"
                                                forceSelection="{Boolean}true"
                                                name="./heroMedia"
                                                rootPath="/content/dam"/>
                                            <mediaAltText
                                                jcr:primaryType="nt:unstructured"
                                                sling:resourceType="granite/ui/components/coral/foundation/form/textfield"
                                                fieldLabel="Media Alt Text"
                                                maxlength="{Long}40"
                                                name="./mediaAltText"/>
                                        </items>
                                    </column>
                                </items>
                            </columns>
                        </items>
                    </media>
                    <text
                        jcr:primaryType="nt:unstructured"
                        jcr:title="Text and Alignment Configuration"
                        sling:resourceType="granite/ui/components/coral/foundation/container"
                        margin="{Boolean}true">
                        <items jcr:primaryType="nt:unstructured">
                            <columns
                                jcr:primaryType="nt:unstructured"
                                sling:resourceType="granite/ui/components/coral/foundation/fixedcolumns"
                                margin="{Boolean}true">
                                <items jcr:primaryType="nt:unstructured">
                                    <column
                                        jcr:primaryType="nt:unstructured"
                                        sling:resourceType="granite/ui/components/coral/foundation/container">
                                        <items jcr:primaryType="nt:unstructured">
                                            <textColor
                                                jcr:primaryType="nt:unstructured"
                                                sling:resourceType="granite/ui/components/coral/foundation/form/textfield"
                                                fieldLabel="Text Color"
                                                maxlength="{Long}7"
                                                name="./textColor"/>
                                            <alignment
                                                jcr:primaryType="nt:unstructured"
                                                sling:resourceType="granite/ui/components/coral/foundation/form/select"
                                                fieldDescription="Select alignment for Text and CTA"
                                                fieldLabel="Text and CTA Alignment"
                                                name="./alignment">
                                                <items jcr:primaryType="nt:unstructured">
                                                    <center
                                                        jcr:primaryType="nt:unstructured"
                                                        text="Center"
                                                        value="center"/>
                                                    <left
                                                        jcr:primaryType="nt:unstructured"
                                                        text="Left"
                                                        value="left"/>
                                                    <right
                                                        jcr:primaryType="nt:unstructured"
                                                        text="Right"
                                                        value="right"/>
                                                    <bottom
                                                        jcr:primaryType="nt:unstructured"
                                                        text="Bottom"
                                                        value="bottom"/>
                                                </items>
                                            </alignment>
                                            <titleSwitch
                                                jcr:primaryType="nt:unstructured"
                                                sling:resourceType="granite/ui/components/coral/foundation/form/checkbox"
                                                fieldDescription="If checked title will act as subtitle and vice-versa"
                                                name="./titleSwitch"
                                                text="Enable to switch title to subtitle"
                                                uncheckedValue="{Boolean}false"
                                                value="{Boolean}true"/>
                                            <title
                                                jcr:primaryType="nt:unstructured"
                                                sling:resourceType="granite/ui/components/coral/foundation/form/textfield"
                                                fieldLabel="Title"
                                                maxlength="{Long}40"
                                                name="./title"/>
                                            <subTitle
                                                jcr:primaryType="nt:unstructured"
                                                sling:resourceType="granite/ui/components/coral/foundation/form/textarea"
                                                fieldLabel="Sub Title"
                                                name="./subTitle"/>
                                        </items>
                                    </column>
                                </items>
                            </columns>
                        </items>
                    </text>
                    <Copy_x0020_of_x0020_cta
                        jcr:primaryType="nt:unstructured"
                        jcr:title="CTA Configuration"
                        sling:resourceType="granite/ui/components/coral/foundation/container"
                        margin="{Boolean}true">
                        <items jcr:primaryType="nt:unstructured">
                            <columns
                                jcr:primaryType="nt:unstructured"
                                sling:resourceType="granite/ui/components/coral/foundation/fixedcolumns"
                                margin="{Boolean}true">
                                <items jcr:primaryType="nt:unstructured">
                                    <column
                                        jcr:primaryType="nt:unstructured"
                                        sling:resourceType="granite/ui/components/coral/foundation/container">
                                        <items jcr:primaryType="nt:unstructured">
                                            <type
                                                jcr:primaryType="nt:unstructured"
                                                sling:resourceType="granite/ui/components/coral/foundation/form/select"
                                                fieldLabel="CTA Type"
                                                name="./ctaType">
                                                <items jcr:primaryType="nt:unstructured">
                                                    <cta
                                                        jcr:primaryType="nt:unstructured"
                                                        text="CTA"
                                                        value="cta"/>
                                                    <link
                                                        jcr:primaryType="nt:unstructured"
                                                        text="Link"
                                                        value="link"/>
                                                </items>
                                            </type>
                                            <cta
                                                jcr:primaryType="nt:unstructured"
                                                sling:resourceType="granite/ui/components/coral/foundation/form/multifield"
                                                composite="{Boolean}true"
                                                fieldDescription="Add number of Links"
                                                fieldLabel="CTA Configuration">
                                                <field
                                                    jcr:primaryType="nt:unstructured"
                                                    jcr:title="Click to Expand"
                                                    sling:resourceType="granite/ui/components/foundation/container"
                                                    fieldLabel="CTA Configuration"
                                                    name="./linkItems">
                                                    <layout
                                                        jcr:primaryType="nt:unstructured"
                                                        sling:resourceType="granite/ui/components/foundation/layouts/collapsible"/>
                                                    <items jcr:primaryType="nt:unstructured">
                                                        <itemName
                                                            jcr:primaryType="nt:unstructured"
                                                            sling:resourceType="granite/ui/components/coral/foundation/form/textfield"
                                                            fieldDescription="Column Item Names to be authored."
                                                            fieldLabel="Item Name"
                                                            maxlength="{Long}15"
                                                            name="./itemName"/>
                                                        <itemLink
                                                            jcr:primaryType="nt:unstructured"
                                                            sling:resourceType="granite/ui/components/coral/foundation/form/pathfield"
                                                            fieldDescription="Author Item Link"
                                                            fieldLabel="Item Link"
                                                            name="./itemLink"
                                                            rootPath="/content"/>
                                                        <linkRediTarget
                                                            jcr:primaryType="nt:unstructured"
                                                            sling:resourceType="granite/ui/components/coral/foundation/form/select"
                                                            fieldLabel="Select Link Redirection Tab"
                                                            name="./linkRediTarget">
                                                            <items jcr:primaryType="nt:unstructured">
                                                                <samewindow
                                                                    jcr:primaryType="nt:unstructured"
                                                                    text="Open link in same tab"
                                                                    value="_self"/>
                                                                <newwindow
                                                                    jcr:primaryType="nt:unstructured"
                                                                    text="Open link in new tab"
                                                                    value="_blank"/>
                                                            </items>
                                                        </linkRediTarget>
                                                        <arialabel
                                                            jcr:primaryType="nt:unstructured"
                                                            sling:resourceType="granite/ui/components/coral/foundation/form/textfield"
                                                            fieldDescription="Value of an aria-label attribute for the navigation Item."
                                                            fieldLabel="Accessibility Label"
                                                            name="./ariaLabel"/>
                                                    </items>
                                                </field>
                                                <granite:data
                                                    jcr:primaryType="nt:unstructured"
                                                    max-items="6"/>
                                            </cta>
                                        </items>
                                    </column>
                                </items>
                            </columns>
                        </items>
                    </Copy_x0020_of_x0020_cta>
                </items>
            </tabs>
        </items>
    </content>
</jcr:root>
