<?xml version="1.0" encoding="UTF-8"?>
<jcr:root xmlns:sling="http://sling.apache.org/jcr/sling/1.0" xmlns:granite="http://www.adobe.com/jcr/granite/1.0" xmlns:cq="http://www.day.com/jcr/cq/1.0" xmlns:jcr="http://www.jcp.org/jcr/1.0" xmlns:nt="http://www.jcp.org/jcr/nt/1.0"
    jcr:primaryType="nt:unstructured"
    jcr:title="Category Card"
    sling:resourceType="cq/gui/components/authoring/dialog">
    <content
        jcr:primaryType="nt:unstructured"
        sling:resourceType="granite/ui/components/coral/foundation/container">
        <items jcr:primaryType="nt:unstructured">
            <tabs
                jcr:primaryType="nt:unstructured"
                sling:resourceType="granite/ui/components/coral/foundation/tabs"
                maximized="{Boolean}true">
                <items jcr:primaryType="nt:unstructured">
                    <general
                        jcr:primaryType="nt:unstructured"
                        jcr:title="Card Configuration"
                        sling:resourceType="granite/ui/components/coral/foundation/container"
                        margin="{Boolean}true">
                        <items jcr:primaryType="nt:unstructured">
                            <columns
                                jcr:primaryType="nt:unstructured"
                                sling:resourceType="granite/ui/components/coral/foundation/fixedcolumns"
                                margin="{Boolean}true">
                                <items jcr:primaryType="nt:unstructured">
                                    <column
                                        jcr:primaryType="nt:unstructured"
                                        sling:resourceType="granite/ui/components/coral/foundation/container">
                                        <items jcr:primaryType="nt:unstructured">
                                            <isComponentDisabled
                                                jcr:primaryType="nt:unstructured"
                                                sling:resourceType="granite/ui/components/coral/foundation/form/checkbox"
                                                fieldDescription="Checking this option will disable/hide the component."
                                                fieldLabel="Do you want to disable the component?"
                                                name="./isComponentDisabled"
                                                text="Do you want to disable the component?"
                                                uncheckedValue="{Boolean}false"
                                                value="{Boolean}true"/>
                                            <category
                                                jcr:primaryType="nt:unstructured"
                                                sling:resourceType="cq/gui/components/coral/common/form/tagfield"
                                                allowBulkEdit="{Boolean}true"
                                                autocreateTag="{Boolean}true"
                                                fieldDescription="Select category"
                                                fieldLabel="Category"
                                                multiple="{Boolean}false"
                                                name="./category"
                                                rootPath="/content/cq:tags/brownthomas">
                                                <granite:data
                                                    jcr:primaryType="nt:unstructured"
                                                    cq-msm-lockable="categories"/>
                                            </category>
                                            <cardSize
                                                jcr:primaryType="nt:unstructured"
                                                sling:resourceType="granite/ui/components/coral/foundation/form/select"
                                                fieldDescription="Select size for card"
                                                fieldLabel="Card size"
                                                name="./cardSize">
                                                <items jcr:primaryType="nt:unstructured">
                                                    <small
                                                        jcr:primaryType="nt:unstructured"
                                                        text="Small"
                                                        value="small"/>
                                                    <medium
                                                        jcr:primaryType="nt:unstructured"
                                                        text="Medium"
                                                        value="medium"/>
                                                    <large
                                                        jcr:primaryType="nt:unstructured"
                                                        text="Large"
                                                        value="large"/>
                                                </items>
                                            </cardSize>
                                            <bgColor
                                                jcr:primaryType="nt:unstructured"
                                                sling:resourceType="granite/ui/components/coral/foundation/form/textfield"
                                                fieldLabel="Background Color"
                                                maxlength="{Long}7"
                                                name="./bgColor"/>
                                            <imageType
                                                jcr:primaryType="nt:unstructured"
                                                sling:resourceType="granite/ui/components/coral/foundation/form/select"
                                                fieldDescription="Select type for image from the options given"
                                                fieldLabel="Image Type"
                                                name="./imageType">
                                                <items jcr:primaryType="nt:unstructured">
                                                    <square
                                                        jcr:primaryType="nt:unstructured"
                                                        text="Square"
                                                        value="square"/>
                                                    <landscape
                                                        jcr:primaryType="nt:unstructured"
                                                        text="Landscape"
                                                        value="landscape"/>
                                                    <portrait
                                                        jcr:primaryType="nt:unstructured"
                                                        text="Portrait"
                                                        value="portrait"/>
                                                </items>
                                            </imageType>
                                            <image
                                                jcr:primaryType="nt:unstructured"
                                                sling:resourceType="granite/ui/components/coral/foundation/form/pathbrowser"
                                                fieldDescription="Kindly select the image as per Image type selection"
                                                fieldLabel="Image"
                                                forceSelection="{Boolean}true"
                                                name="./image"
                                                rootPath="/content/dam"/>
                                            <imageAltText
                                                jcr:primaryType="nt:unstructured"
                                                sling:resourceType="granite/ui/components/coral/foundation/form/textfield"
                                                fieldLabel="Image Alt Text"
                                                maxlength="{Long}20"
                                                name="./imageAltText"/>
                                            <turnOnTexts
                                                granite:class="cq-dialog-checkbox-showhide"
                                                jcr:primaryType="nt:unstructured"
                                                sling:resourceType="granite/ui/components/coral/foundation/form/checkbox"
                                                fieldDescription="Select to turn ON CTA, Caption and description"
                                                name="./turnOnTexts"
                                                text="Turn ON CTA, Caption and description"
                                                uncheckedValue="{Boolean}false"
                                                value="{Boolean}true">
                                                <granite:data
                                                    jcr:primaryType="nt:unstructured"
                                                    cq-dialog-checkbox-showhide-target=".toggleField"/>
                                            </turnOnTexts>
                                            <toggle
                                                granite:class="toggleField"
                                                jcr:primaryType="nt:unstructured"
                                                sling:resourceType="granite/ui/components/coral/foundation/container">
                                                <items jcr:primaryType="nt:unstructured">
                                                    <textAlignment
                                                        jcr:primaryType="nt:unstructured"
                                                        sling:resourceType="granite/ui/components/coral/foundation/form/select"
                                                        fieldDescription="Select alignment for Caption, description and CTA"
                                                        fieldLabel="Alignment"
                                                        name="./textAlignment">
                                                        <items jcr:primaryType="nt:unstructured">
                                                            <center
                                                                jcr:primaryType="nt:unstructured"
                                                                text="Center"
                                                                value="center"/>
                                                            <left
                                                                jcr:primaryType="nt:unstructured"
                                                                text="Left"
                                                                value="left"/>
                                                        </items>
                                                    </textAlignment>
                                                    <textPositioning
                                                        jcr:primaryType="nt:unstructured"
                                                        sling:resourceType="granite/ui/components/coral/foundation/form/select"
                                                        fieldDescription="Select alignment for Caption, description and CTA"
                                                        fieldLabel="Positioning"
                                                        name="./textPositioning">
                                                        <items jcr:primaryType="nt:unstructured">
                                                            <top
                                                                jcr:primaryType="nt:unstructured"
                                                                text="Top"
                                                                value="top"/>
                                                            <bottom
                                                                jcr:primaryType="nt:unstructured"
                                                                text="Bottom"
                                                                value="bottom"/>
                                                            <right
                                                                jcr:primaryType="nt:unstructured"
                                                                text="Right"
                                                                value="right"/>
                                                        </items>
                                                    </textPositioning>
                                                    <textColor
                                                        jcr:primaryType="nt:unstructured"
                                                        sling:resourceType="granite/ui/components/coral/foundation/form/textfield"
                                                        fieldLabel="Text Color"
                                                        maxlength="{Long}7"
                                                        name="./textColor"/>
                                                    <ctaText
                                                        jcr:primaryType="nt:unstructured"
                                                        sling:resourceType="granite/ui/components/coral/foundation/form/textfield"
                                                        fieldLabel="CTA Text"
                                                        maxlength="{Long}14"
                                                        name="./ctaText"/>
                                                    <ctaURL
                                                        jcr:primaryType="nt:unstructured"
                                                        sling:resourceType="granite/ui/components/coral/foundation/form/pathfield"
                                                        fieldDescription="Provide an internal or external URL for CTA"
                                                        fieldLabel="CTA URL"
                                                        name="./ctaURL"
                                                        rootPath="/content"/>
                                                    <caption
                                                        jcr:primaryType="nt:unstructured"
                                                        sling:resourceType="granite/ui/components/coral/foundation/form/textfield"
                                                        fieldLabel="Caption"
                                                        maxlength="{Long}60"
                                                        name="./caption"/>
                                                    <description
                                                        jcr:primaryType="nt:unstructured"
                                                        sling:resourceType="granite/ui/components/coral/foundation/form/textarea"
                                                        fieldLabel="Description"
                                                        maxlength="{Long}135"
                                                        name="./description"/>
                                                </items>
                                            </toggle>
                                        </items>
                                    </column>
                                </items>
                            </columns>
                        </items>
                    </general>
                </items>
            </tabs>
        </items>
    </content>
</jcr:root>
