<?xml version="1.0" encoding="UTF-8"?>
<jcr:root xmlns:sling="http://sling.apache.org/jcr/sling/1.0" xmlns:cq="http://www.day.com/jcr/cq/1.0" xmlns:jcr="http://www.jcp.org/jcr/1.0" xmlns:nt="http://www.jcp.org/jcr/nt/1.0"
    jcr:primaryType="nt:unstructured"
    jcr:title="Editorial Header "
    sling:resourceType="cq/gui/components/authoring/dialog"
    helpPath="https://brownthomas.atlassian.net/wiki/spaces/BCTB/pages/3569188902/EDP+Migration+Header">
    <content
        jcr:primaryType="nt:unstructured"
        sling:resourceType="granite/ui/components/coral/foundation/container">
        <items jcr:primaryType="nt:unstructured">
            <tabs
                jcr:primaryType="nt:unstructured"
                sling:resourceType="granite/ui/components/coral/foundation/tabs">
                <items jcr:primaryType="nt:unstructured">
                    <details
                        jcr:primaryType="nt:unstructured"
                        jcr:title="Details"
                        sling:resourceType="granite/ui/components/foundation/section">
                        <layout
                            jcr:primaryType="nt:unstructured"
                            sling:resourceType="granite/ui/components/foundation/layouts/fixedcolumns"
                            margin="{Boolean}true"/>
                        <items jcr:primaryType="nt:unstructured">
                            <column
                                jcr:primaryType="nt:unstructured"
                                sling:resourceType="granite/ui/components/coral/foundation/container">
                                <items jcr:primaryType="nt:unstructured">
                                    <isComponentDisabled
                                        jcr:primaryType="nt:unstructured"
                                        sling:resourceType="granite/ui/components/coral/foundation/form/checkbox"
                                        fieldDescription="Do you want to disable the component?"
                                        fieldLabel="Do you want to disable the component?"
                                        name="./isComponentDisabled"
                                        text="Do you want to disable the component?"
                                        uncheckedValue="{Boolean}false"
                                        value="{Boolean}true"/>
                                    <textColor
                                        jcr:primaryType="nt:unstructured"
                                        sling:resourceType="granite/ui/components/coral/foundation/form/textfield"
                                        fieldLabel="Text Color Hex Value"
                                        name="./textColor"
                                        value="#151515"/>
                                    <backgroundColor
                                        jcr:primaryType="nt:unstructured"
                                        sling:resourceType="granite/ui/components/coral/foundation/form/textfield"
                                        fieldLabel="Background Color Hex Value"
                                        name="./backgroundColor"
                                        value="#FFFFFF"/>
                                    <title
                                        jcr:primaryType="nt:unstructured"
                                        sling:resourceType="granite/ui/components/coral/foundation/form/textfield"
                                        fieldLabel="Title"
                                        name="./title"/>
                                    <categoryHeading
                                        jcr:primaryType="nt:unstructured"
                                        sling:hideResource="{Boolean}true"
                                        sling:resourceType="granite/ui/components/coral/foundation/form/textfield"
                                        fieldLabel="categoryHeading"
                                        name="./categoryHeading"
                                        value="#hex"/>
                                    <imageSrc
                                        jcr:primaryType="nt:unstructured"
                                        sling:resourceType="granite/ui/components/coral/foundation/form/pathbrowser"
                                        fieldLabel="Image Src"
                                        name="./imageSrc"
                                        rootPath="/content"/>
                                    <imageAltText
                                        jcr:primaryType="nt:unstructured"
                                        sling:resourceType="granite/ui/components/coral/foundation/form/textfield"
                                        fieldLabel="Image Alt Text"
                                        name="./imageAltText"
                                        rootPath="/content"/>
                                </items>
                            </column>
                        </items>
                    </details>
                </items>
            </tabs>
        </items>
    </content>
</jcr:root>
