<?xml version="1.0" encoding="UTF-8"?>
<jcr:root xmlns:sling="http://sling.apache.org/jcr/sling/1.0" xmlns:granite="http://www.adobe.com/jcr/granite/1.0" xmlns:cq="http://www.day.com/jcr/cq/1.0" xmlns:jcr="http://www.jcp.org/jcr/1.0" xmlns:nt="http://www.jcp.org/jcr/nt/1.0"
    jcr:primaryType="nt:unstructured"
    jcr:title="BTA Hero Card"
    sling:resourceType="cq/gui/components/authoring/dialog"
    helpPath="https://brownthomas.atlassian.net/wiki/spaces/BCTB/pages/3526426633/Hero+Cards">
    <content
        jcr:primaryType="nt:unstructured"
        sling:resourceType="granite/ui/components/coral/foundation/container">
        <items jcr:primaryType="nt:unstructured">
            <tabs
                jcr:primaryType="nt:unstructured"
                sling:resourceType="granite/ui/components/coral/foundation/tabs"
                maximized="{Boolean}true">
                <items jcr:primaryType="nt:unstructured">
                    <heroCards
                        jcr:primaryType="nt:unstructured"
                        jcr:title="Hero Card General Configuration"
                        sling:resourceType="granite/ui/components/coral/foundation/container"
                        margin="{Boolean}true">
                        <layout
                            jcr:primaryType="nt:unstructured"
                            sling:resourceType="granite/ui/components/coral/foundation/fixedcolumns"/>
                        <items jcr:primaryType="nt:unstructured">
                            <isComponentDisabled
                                jcr:primaryType="nt:unstructured"
                                sling:resourceType="granite/ui/components/coral/foundation/form/checkbox"
                                fieldDescription="Checking this option will disable/hide the component."
                                fieldLabel="Do you want to disable the component?"
                                name="./isComponentDisabled"
                                text="Do you want to disable the component?"
                                uncheckedValue="{Boolean}false"
                                value="{Boolean}true"/>
                            <heroCardTitle
                                jcr:primaryType="nt:unstructured"
                                sling:resourceType="granite/ui/components/coral/foundation/form/textfield"
                                fieldLabel="Hero Card Title"
                                maxlength="100"
                                name="./heroCardTitle"
                                useFixedInlineToolbar="{Boolean}true"/>
                            <heroCardTitleAlignment
                                jcr:primaryType="nt:unstructured"
                                sling:resourceType="granite/ui/components/coral/foundation/form/select"
                                fieldDescription="Select the alignment of heading"
                                fieldLabel="Hero Card Title Alignment"
                                name="./heroCardTitleAlignment"
                                type="editable">
                                <items jcr:primaryType="nt:unstructured">
                                    <centre
                                        jcr:primaryType="nt:unstructured"
                                        text="Centre"
                                        value="centre"/>
                                    <left
                                        jcr:primaryType="nt:unstructured"
                                        text="Left"
                                        value="left"/>
                                    <right
                                        jcr:primaryType="nt:unstructured"
                                        text="Right"
                                        value="right"/>
                                </items>
                            </heroCardTitleAlignment>
                            <textColor
                                jcr:primaryType="nt:unstructured"
                                sling:resourceType="granite/ui/components/coral/foundation/form/textfield"
                                fieldLabel="Hero Card Title Text Color Hex Value "
                                name="./textColor"
                                value="#000000"/>
                        </items>
                    </heroCards>
                    <heroCardImages
                        jcr:primaryType="nt:unstructured"
                        jcr:title="Hero Card Image Configuration"
                        sling:resourceType="granite/ui/components/coral/foundation/container"
                        margin="{Boolean}true">
                        <layout
                            jcr:primaryType="nt:unstructured"
                            sling:resourceType="granite/ui/components/coral/foundation/fixedcolumns"/>
                        <items jcr:primaryType="nt:unstructured">
                            <columns
                                jcr:primaryType="nt:unstructured"
                                sling:resourceType="granite/ui/components/coral/foundation/form/multifield"
                                composite="{Boolean}true"
                                fieldDescription="Images can be landscape or portrait. If 2 images, selected images should be landscape. If 3 -4 images, images should be portrait. All images within the component should be of the same aspect ratio."
                                fieldLabel="Hero Card Image Configurations">
                                <field
                                    jcr:primaryType="nt:unstructured"
                                    sling:resourceType="granite/ui/components/coral/foundation/container"
                                    name="./heroCardConfigResources">
                                    <items jcr:primaryType="nt:unstructured">
                                        <columns
                                            jcr:primaryType="nt:unstructured"
                                            sling:resourceType="granite/ui/components/coral/foundation/container">
                                            <items jcr:primaryType="nt:unstructured">
                                                <logoImage
                                                    jcr:primaryType="nt:unstructured"
                                                    sling:resourceType="cq/gui/components/authoring/dialog/fileupload"
                                                    allowUpload="{Boolean}false"
                                                    autoStart="{Boolean}false"
                                                    class="cq-droptarget"
                                                    fieldLabel="Image"
                                                    fileNameParameter="./logo"
                                                    fileReferenceParameter="./logoImg"
                                                    mimeTypes="[image/gif,image/jpeg,image/png,image/tiff,image/svg+xml]"
                                                    multiple="{Boolean}false"
                                                    name="./logoImage"
                                                    title="BTA Logo Image"
                                                    uploadUrl="${suffix.path}"
                                                    useHTML5="{Boolean}true"/>
                                                <logoAltText
                                                    jcr:primaryType="nt:unstructured"
                                                    sling:resourceType="granite/ui/components/coral/foundation/form/textfield"
                                                    fieldLabel="Logo Alt Text"
                                                    maxlength="{Long}40"
                                                    name="./logoAltText"/>
                                                <linkTitle
                                                    jcr:primaryType="nt:unstructured"
                                                    sling:resourceType="granite/ui/components/coral/foundation/form/textfield"
                                                    fieldLabel="Link Title"
                                                    maxlength="{Long}16"
                                                    name="./linkTitle"/>
                                                <link
                                                    jcr:primaryType="nt:unstructured"
                                                    sling:resourceType="granite/ui/components/coral/foundation/form/pathbrowser"
                                                    fieldLabel="Link"
                                                    name="./link"
                                                    rootPath="/content"/>
                                                <is30percent
                                                    jcr:primaryType="nt:unstructured"
                                                    sling:resourceType="granite/ui/components/coral/foundation/form/checkbox"
                                                    fieldDescription="Background overlay to be at 30% for lighter images"
                                                    fieldLabel="Background overlay to be at 30% for lighter images"
                                                    name="./is30percent"
                                                    text="Background overlay to be at 30% for lighter images"
                                                    uncheckedValue="{Boolean}false"
                                                    value="{Boolean}true"/>
                                            </items>
                                        </columns>
                                    </items>
                                </field>
                                <granite:data
                                    jcr:primaryType="nt:unstructured"
                                    max-items="4"
                                    min-items="2"/>
                            </columns>
                        </items>
                    </heroCardImages>
                </items>
            </tabs>
        </items>
    </content>
</jcr:root>
